{
  "mean elo": {
    "32b_32b": 981.4996653360492,
    "32b_72b": 1018.5003346639509
  },
  "mean stds": {
    "32b_32b": 13.755607120647712,
    "32b_72b": 13.755607120647458
  }
}