{
  "32b_32b": 989.7971297993093,
  "32b_72b": 1010.2028702006912
}