{
  "32b_32b": 974.1454557078466,
  "32b_72b": 1025.8545442921534
}