{
  "32b_32b": 1004.48736167088,
  "32b_72b": 995.5126383291205
}