{
  "32b_32b": 971.5801523342536,
  "32b_72b": 1028.4198476657461
}