{
  "32b_32b": 967.4882271679569,
  "32b_72b": 1032.511772832043
}