{
  "72b_32b": 1019.026665412762,
  "72b_72b": 980.9733345872381
}