{
  "72b_32b": 996.8563981767347,
  "72b_72b": 1003.1436018232661
}