{
  "72b_32b": 970.9617035777237,
  "72b_72b": 1029.0382964222777
}