{
  "72b_32b": 975.706914795259,
  "72b_72b": 1024.2930852047402
}