{
  "72b_32b": 983.0850511520273,
  "72b_72b": 1016.9149488479743
}