{
  "mean elo": {
    "72b_32b": 989.1273466229013,
    "72b_72b": 1010.8726533770993
  },
  "mean stds": {
    "72b_32b": 17.32232902505942,
    "72b_72b": 17.32232902505958
  }
}