{
  "32b_72b": 1030.724118076105,
  "72b_72b": 1071.8337445479647,
  "oracle-32b": 904.8865059474215,
  "oracle-72b": 992.5556314285063
}