{
  "32b_72b": 1038.8031918650843,
  "72b_72b": 1082.7515453633346,
  "oracle-32b": 901.2721866094691,
  "oracle-72b": 977.173076162115
}