{
  "32b_32b": 976.9339712337515,
  "32b_72b": 997.2863150643913,
  "72b_32b": 995.4844974179255,
  "72b_72b": 1030.2952162839301
}