{
  "32b_72b": 1038.558515596233,
  "72b_72b": 1059.4489686069242,
  "oracle-32b": 890.2693854953578,
  "oracle-72b": 1011.7231303014878
}