{
  "32b_32b": 992.1654153475312,
  "32b_72b": 1012.6625762780851,
  "72b_32b": 974.2087272247251,
  "72b_72b": 1020.9632811496597
}