{
  "32b_32b": 958.6900546393648,
  "32b_72b": 1003.9326580324891,
  "72b_32b": 987.3588215219252,
  "72b_72b": 1050.0184658062233
}