{
  "32b_72b": 1028.2296139218115,
  "72b_72b": 1040.8630507057105,
  "oracle-32b": 902.9646932000533,
  "oracle-72b": 1027.9426421724245
}