{
  "mean elo": {
    "32b_72b": 1039.3412112813512,
    "72b_72b": 1063.605973654063,
    "oracle-32b": 894.0379747264778,
    "oracle-72b": 1003.0148403381103
  },
  "mean stds": {
    "32b_72b": 11.328737330481655,
    "72b_72b": 13.92116723945803,
    "oracle-32b": 12.681097477272138,
    "oracle-72b": 17.213500732844757
  }
}