{
  "32b_72b": 1060.3906169475222,
  "72b_72b": 1063.1325590463812,
  "oracle-32b": 870.7971023800877,
  "oracle-72b": 1005.6797216260181
}