{
  "32b_32b": 963.9125232771111,
  "32b_72b": 1007.2193949214245,
  "72b_32b": 985.3832185760632,
  "72b_72b": 1043.4848632254018
}