{
  "mean elo": {
    "32b_32b": 973.1648918694282,
    "32b_72b": 1005.3434442195539,
    "72b_32b": 984.8281208101582,
    "72b_72b": 1036.6635431008604
  },
  "mean stds": {
    "32b_32b": 11.586803636626048,
    "32b_72b": 4.981384759930886,
    "72b_32b": 6.968417703437971,
    "72b_72b": 10.154005649409171
  }
}