{
  "32b_32b": 974.1224948493823,
  "32b_72b": 1005.6162768013796,
  "72b_32b": 981.7053393101521,
  "72b_72b": 1038.5558890390869
}