{
  "mean elo": {
    "32b_72b": 1167.7960829945564,
    "autoprompt-32b": 970.3521977556454,
    "expert-32b": 1083.5804917305115,
    "base-1.5b": 793.8140548664039,
    "iter0-32b": 984.4571726528832
  },
  "mean stds": {
    "32b_72b": 7.227106283213405,
    "autoprompt-32b": 15.362222358314238,
    "expert-32b": 16.87709972872982,
    "base-1.5b": 11.428853239133396,
    "iter0-32b": 9.55706494816643
  }
}