{
  "32b_72b": 1168.3517061924151,
  "autoprompt-32b": 946.1763371102188,
  "expert-32b": 1116.5484265357115,
  "base-1.5b": 776.759218811514,
  "iter0-32b": 992.1643113501414
}