{
  "32b_72b": 1167.4710462097696,
  "autoprompt-32b": 964.3779879026745,
  "expert-32b": 1074.6044666983923,
  "base-1.5b": 809.8511955436642,
  "iter0-32b": 983.6953036455022
}