{
  "32b_72b": 1167.292765038454,
  "autoprompt-32b": 983.5773096436437,
  "expert-32b": 1076.047562221522,
  "base-1.5b": 799.6323311328691,
  "iter0-32b": 973.4500319635143
}