{
  "32b_72b": 1156.5208222412807,
  "autoprompt-32b": 989.8077489969576,
  "expert-32b": 1069.6705666276193,
  "base-1.5b": 785.9520343527315,
  "iter0-32b": 998.0488277814054
}