{
  "32b_72b": 1179.344075290863,
  "autoprompt-32b": 967.8216051247326,
  "expert-32b": 1081.0314365693123,
  "base-1.5b": 796.8754944912408,
  "iter0-32b": 974.9273885238522
}