{
  "72b_72b": 1239.9823790724747,
  "autoprompt-72b": 1055.7162948514697,
  "expert-72b": 690.7063324094286,
  "base-1.5b": 898.8851808764146,
  "iter0-72b": 1114.7098127902138
}