{
  "72b_72b": 1243.9043432209205,
  "autoprompt-72b": 1075.5751997458583,
  "expert-72b": 698.1944388718139,
  "base-1.5b": 871.0166801734165,
  "iter0-72b": 1111.3093379879951
}