{
  "72b_72b": 1241.2987197483483,
  "autoprompt-72b": 1039.2830849249374,
  "expert-72b": 701.6684193103264,
  "base-1.5b": 897.2783762510535,
  "iter0-72b": 1120.4713997653369
}