{
  "mean elo": {
    "72b_72b": 1243.9330703835872,
    "autoprompt-72b": 1050.4926020959294,
    "expert-72b": 706.1451815594585,
    "base-1.5b": 888.626048670198,
    "iter0-72b": 1110.8030972908296
  },
  "mean stds": {
    "72b_72b": 8.35913306739701,
    "autoprompt-72b": 15.25826259857488,
    "expert-72b": 12.402034856735899,
    "base-1.5b": 10.037731155467096,
    "iter0-72b": 7.361719918080621
  }
}