{
  "72b_72b": 1234.891757358619,
  "autoprompt-72b": 1050.9355258925345,
  "expert-72b": 725.5176474026524,
  "base-1.5b": 890.4979068912894,
  "iter0-72b": 1098.1571624549044
}