{
  "72b_72b": 1259.5881525175728,
  "autoprompt-72b": 1030.9529050648473,
  "expert-72b": 714.6390698030709,
  "base-1.5b": 885.4520991588158,
  "iter0-72b": 1109.3677734556968
}