{
  "mean elo": {
    "32b_32b": 1078.933913018697,
    "autoprompt-32b": 1149.4592291617075,
    "iter0-32b": 952.8372988726748,
    "base": 818.7695589469204
  },
  "mean stds": {
    "32b_32b": 11.977716007821764,
    "autoprompt-32b": 11.859637933691513,
    "iter0-32b": 18.592029210352443,
    "base": 20.88066217787724
  }
}