{
  "32b_32b": 1046.770959666115,
  "autoprompt-32b": 1153.3463784276564,
  "iter0-32b": 954.9624195695294,
  "base": 844.9202423366978
}