{
  "32b_32b": 1083.183601142599,
  "autoprompt-32b": 1153.3752459223601,
  "iter0-32b": 945.4108237385793,
  "base": 818.0303291964613
}