{
  "32b_32b": 1077.7690616676487,
  "autoprompt-32b": 1149.5973542582392,
  "iter0-32b": 963.297672573439,
  "base": 809.3359115006756
}