{
  "32b_32b": 1064.7786722588153,
  "autoprompt-32b": 1148.488069057665,
  "iter0-32b": 983.5131664912067,
  "base": 803.2200921923138
}