{
  "32b_32b": 1045.6977173566931,
  "autoprompt-32b": 1147.1960347691163,
  "iter0-32b": 950.7715749690548,
  "base": 856.3346729051374
}