{
  "32b_32b": 1099.6648264944977,
  "autoprompt-32b": 1171.2768896833802,
  "iter0-32b": 933.098439118689,
  "base": 795.9598447034352
}