{
  "32b_32b": 1082.1947162411386,
  "autoprompt-32b": 1137.219738039728,
  "iter0-32b": 947.5857598857018,
  "base": 832.9997858334277
}