{
  "32b_32b": 1070.262288431385,
  "autoprompt-32b": 1140.7140947695252,
  "iter0-32b": 936.6914562943376,
  "base": 852.3321605047494
}